{
    "seed": 2023,
    "data_path": "../flow2d-t-1001",
    "data_num": 1001,
    "data_type": ["u","v","T","P"],
    "data_select": [0,1,2,3],
    "data_width": 1181,
    "data_height": 220,
    "data_range": [[0,220],[0,1180]],
    "data_mean": [
        0.7160895679671404,
        0.10879711642281557,
        3.15980087314138,
        6.678367111021137
    ],
    "data_std": [
        0.34781700305722757,
        0.17350806486928866,
        2.2907320741672956,
        8.661780748427242
    ],
    "data_max": [
        1.4213101,
        1.08254902,
        12.95459985,
        78.43348863
    ],
    "data_min": [
        -0.55474735,
        -0.68369049,
        0.77961313,
        0.24014292
    ],
    "data_previous": 5,
    "data_after": 1,
    "per_device_train_batch_size": 1,
    "per_device_valid_batch_size": 1,
    "gradient_accumulation_steps": 1,
    "valid_ratio": 0.1,
    "num_workers": 1,
    "net_type": "SimVP_Model",
    "actfun": "Relu",
    "max_epoch": 1000,
    "early_stop": 100,
    "lr": 0.001,
    "lossfun": "MSE",
    "optim": "Adam",
    "print_ds_output": false,
    "modelname": "CFD_Conv1001_5to1",
    "model_path": "./Model/CFD_Conv1001_5to1",
    "description": "CFD Conv1001 5 to 1",
    "current_time": "2023-10-12 17:09:44",
    "model_config": {
        "model_type": "gSTA",
        "hid_S": 128,
        "hid_T": 1024,
        "N_S": 8,
        "N_T": 16,
        "spatio_kernel_enc": 3,
        "spatio_kernel_dec": 3
    }
}